OTU_ID	Kingdom	Phylum	Class	Order	Family	Genus	Species
e78d28b0c959b6e035caad98e3288205	Bacteria	 Cyanobacteria	 Cyanobacteriia	 Chloroplast	 Chloroplast	 Chloroplast	
70f645cff25d516b459fd1355622b37d	Bacteria	 Proteobacteria	 Alphaproteobacteria	 Rickettsiales	 Mitochondria	 Mitochondria	
f4801b7a68515d9005fa572ee6afdf41	Bacteria	 Proteobacteria	 Gammaproteobacteria	 Burkholderiales	 Burkholderiaceae	 Ralstonia	
b01f65c3da02d1690cbbb45a210380d5	Bacteria	 Bacteroidota	 Bacteroidia	 Chitinophagales	 Chitinophagaceae		
42e9464e281f53ba8a4f84d59d523431	Bacteria	 Proteobacteria	 Alphaproteobacteria	 Rhizobiales	 Rhizobiaceae		
e9c5c7f40dc0d24681936be2db1c8467	Bacteria	 Proteobacteria	 Gammaproteobacteria	 Burkholderiales	 Burkholderiaceae	 Burkholderia-Caballeronia-Paraburkholderia	
9a41b197d813aac073ee1beb4e7c3abe	Bacteria	 Proteobacteria	 Alphaproteobacteria	 Rickettsiales	 Mitochondria	 Mitochondria	
8ae518dbb29595b3f79214be0b589066	Bacteria	 Firmicutes	 Bacilli	 Lactobacillales	 Listeriaceae	 Listeria	
a4cbe987942964b584e95e4efab6a176	Bacteria	 Firmicutes	 Bacilli	 Bacillales	 Bacillaceae	 Bacillus	
65d43491988bfe557da4d86a5ba25dae	Bacteria	 Firmicutes	 Bacilli	 Staphylococcales	 Staphylococcaceae	 Staphylococcus	
43fddf1528d4a98928fd8c3a8ac23bfd	Bacteria	 Proteobacteria	 Gammaproteobacteria	 Pseudomonadales	 Pseudomonadaceae	 Pseudomonas	
4cbfff144d4e7a4e0f4619ed505be070	Bacteria	 Proteobacteria	 Gammaproteobacteria	 Enterobacterales	 Enterobacteriaceae		
d46e2205f0c6ecf67b51f83d111c509c	Bacteria	 Proteobacteria	 Gammaproteobacteria	 Enterobacterales	 Enterobacteriaceae	 Escherichia-Shigella	
9ce6b8e7eb3cde25b160056bc05b2900	Bacteria	 Proteobacteria	 Gammaproteobacteria	 Burkholderiales	 Hydrogenophilaceae	 uncultured	
9908fffab7ed4f3bec44cda2f5084d49	Bacteria	 Firmicutes	 Bacilli	 Lactobacillales	 Enterococcaceae	 Enterococcus	
84a431ef83fe2174eaa9945018c814e2	Bacteria	 Proteobacteria	 Alphaproteobacteria	 Rickettsiales	 Mitochondria	 Mitochondria	
9ac3bb1d7dedb08a012692a6f536b5af	Bacteria	 Proteobacteria	 Alphaproteobacteria	 Sphingomonadales	 Sphingomonadaceae	 Sphingomonas	
ff9d93d7b7e46787568f2d241caeaf3b	Bacteria	 Proteobacteria	 Gammaproteobacteria	 Pseudomonadales	 Pseudomonadaceae	 Pseudomonas	
581a55014641e1cd55cdc272c0365a28	Bacteria	 Firmicutes	 Bacilli	 Lactobacillales	 Lactobacillaceae	 Lactobacillus	 Lactobacillus_fermentum
9891414d5dc7851561dac7a1724f2e6c	Bacteria	 Cyanobacteria	 Cyanobacteriia	 Chloroplast	 Chloroplast	 Chloroplast	
2ab07cf4ecdfd56d3ca63e6bc5edcb99	Bacteria	 Bacteroidota	 Bacteroidia				
bbc5bc0bc35db15b8ac5c2db647664f8	Bacteria	 Proteobacteria	 Alphaproteobacteria	 Rickettsiales	 Mitochondria	 Mitochondria	 Botryosphaeria_dothidea
790ddf2713debc45adefe114f4749769	Bacteria	 Proteobacteria	 Gammaproteobacteria	 Burkholderiales	 Rhodocyclaceae	 Denitratisoma	
dcfbef40bef2d993f2a321db4b6e12d9	Bacteria	 Bacteroidota	 Bacteroidia	 Sphingobacteriales	 env.OPS_17	 env.OPS_17	 uncultured_bacterium
6a54dedbe4ce68fe6806a185459e8fc1	Bacteria	 Proteobacteria	 Gammaproteobacteria	 Burkholderiales	 Nitrosomonadaceae	 MND1	
00b0fd828aead67f7fb91799bf6f9be8	Bacteria	 Acidobacteriota	 Acidobacteriae	 Acidobacteriae	 Acidobacteriae	 Paludibaculum	
29beab927eb48662a6f5f5d2fda50bc5	Eukaryota	 Basidiomycota	 Exobasidiomycetes	 Microstromatales	 Microstromataceae	 Microstroma	 Pseudomicrostroma_juglandis
d6efd2da2728fd74ded268122ee05036	Bacteria	 Proteobacteria	 Alphaproteobacteria	 Sphingomonadales	 Sphingomonadaceae	 Sphingomonas	
04ecfad5772d2e09a84a0f5ef460536c	Bacteria	 Proteobacteria	 Alphaproteobacteria	 Rhizobiales	 Beijerinckiaceae	 Methylobacterium-Methylorubrum	
d577b49e9a9c6fac0f9f5b5f16e931f0	Bacteria	 Firmicutes	 Bacilli	 Alicyclobacillales	 Alicyclobacillaceae	 Effusibacillus	 uncultured_organism
374b724806294b861c4ed5cfb74e2f31	Bacteria	 Proteobacteria	 Alphaproteobacteria	 Rhizobiales	 Beijerinckiaceae	 Methylobacterium-Methylorubrum	
8df2b2e6c1cb64bd18b81d5bae7f0898	Bacteria	 Proteobacteria	 Gammaproteobacteria	 Burkholderiales	 Oxalobacteraceae	 Massilia	
194ea7963575c74eab462e2200e8aef2	Bacteria	 Proteobacteria	 Alphaproteobacteria	 Sphingomonadales	 Sphingomonadaceae		
b9cfd6310647edcde2a9ba03619b3a3b	Bacteria	 Proteobacteria	 Alphaproteobacteria	 Rickettsiales	 Mitochondria	 Mitochondria	
20b3df08cd5fac2be26a2928155bab69	Bacteria	 Proteobacteria	 Gammaproteobacteria	 Burkholderiales	 Alcaligenaceae	 Achromobacter	
dc18a072654092c10b22b6dc1e3b9d30	Bacteria	 Proteobacteria	 Alphaproteobacteria	 Rickettsiales	 Mitochondria	 Mitochondria	 Botryosphaeria_dothidea
497a26126c9e726c768bdec79e8c4e9b	Bacteria	 Actinobacteriota	 Actinobacteria	 Micrococcales	 Microbacteriaceae	 Curtobacterium	
65bae3dec950ad887dcd209e33518422	Bacteria	 Proteobacteria	 Gammaproteobacteria	 Burkholderiales	 Burkholderiaceae	 Burkholderia-Caballeronia-Paraburkholderia	
1c4234c44fe7816eb5f9785039f9c7fe	Eukaryota	 Basidiomycota	 Tremellomycetes	 Tremellales	 Cryptococcaceae	 Cryptococcus	
dcec0c7d8cc666202ccbf0ab606efd0a	Bacteria						
80d56150d68ffba09f76be4a2a83ec0d	Bacteria	 Proteobacteria	 Alphaproteobacteria	 Rickettsiales	 Mitochondria	 Mitochondria	 Rhynchosporium_secalis
4e0481f68111cd3463386f70247922bb	Bacteria	 Bacteroidota	 Bacteroidia	 Flavobacteriales	 Weeksellaceae	 Chryseobacterium	
aa9b3a1418d146c262ec63305292065a	Bacteria	 Actinobacteriota	 Actinobacteria	 Corynebacteriales	 Corynebacteriaceae	 Corynebacterium	
372c6c45a3b1539c3fa5bb57c28c61dd	Eukaryota	 Basidiomycota	 Tremellomycetes	 Filobasidiales	 Filobasidiaceae	 Filobasidium	
970dbb047f898524ce86b2dc82187f8d	Bacteria	 Proteobacteria	 Alphaproteobacteria	 Rickettsiales	 Mitochondria	 Mitochondria	
f84112e549fd23236356ffd859953bb0	Unassigned						
90f44084459949dd4fd965e1fc355026	Bacteria	 Proteobacteria	 Alphaproteobacteria	 Rhizobiales	 Beijerinckiaceae	 1174-901-12	
240a2f0c3ee5b3a2845f03c8315b6bf0	Bacteria	 Proteobacteria	 Alphaproteobacteria	 Rickettsiales	 Mitochondria	 Mitochondria	 Fusarium_circinatum
26bc59da922a026b571c40128adf6e97	Bacteria	 Bacteroidota	 Bacteroidia	 Flavobacteriales	 Blattabacteriaceae	 Candidatus_Uzinura	
fde5bb3d397c348a60de61674f960db1	Bacteria	 Chloroflexi	 KD4-96	 KD4-96	 KD4-96	 KD4-96	
fd496fd32dc8c08ade2e8b6c9d8ee13d	Bacteria	 Firmicutes	 Bacilli	 Lactobacillales	 Streptococcaceae	 Streptococcus	
f27469e92e8149be8a319e48bf8c42d9	Bacteria	 Acidobacteriota	 Blastocatellia	 Pyrinomonadales	 Pyrinomonadaceae	 Pyrinomonas	 uncultured_bacterium
318731df8b5243f85b944770513f061e	Bacteria	 Bacteroidota	 Bacteroidia	 Cytophagales	 Hymenobacteraceae	 Hymenobacter	
df71de0e92459aa808364311135bb8fc	Bacteria	 Proteobacteria	 Gammaproteobacteria	 Burkholderiales	 Comamonadaceae		
b6c83c9dcc47d41e1ea5831f40966169	Bacteria	 Bacteroidota	 Bacteroidia	 Cytophagales	 Hymenobacteraceae	 Hymenobacter	 Hymenobacter_rivuli
afbcdcc7387b398162425625ea9d4ffe	Bacteria	 Proteobacteria	 Alphaproteobacteria	 Rickettsiales	 Mitochondria	 Mitochondria	 Botryosphaeria_dothidea
08bdc6c81f6b9daab3d132b54e1d45bc	Bacteria	 Actinobacteriota	 Actinobacteria	 Corynebacteriales	 Nocardiaceae	 Rhodococcus	
c1aa5f6abf0d60b9906488d36ad3a6c6	Unassigned						
87d23203239f1790d29724eab9d987b2	Bacteria	 Proteobacteria	 Gammaproteobacteria	 Enterobacterales	 Morganellaceae	 Buchnera	 Buchnera_aphidicola
394eda29c886632f514dd94b58381186	Bacteria	 Proteobacteria	 Gammaproteobacteria	 Pasteurellales	 Pasteurellaceae		
c2a787cf867ebfdce216002bcc8a94e1	Bacteria	 Proteobacteria	 Alphaproteobacteria	 Rhizobiales	 Rhizobiaceae		
4aa70473d987d414eb307bee0a0f325c	Bacteria	 Gemmatimonadota	 Gemmatimonadetes	 Gemmatimonadales	 Gemmatimonadaceae	 uncultured	
8b7ed699511c4ce2d3e390b6d3ffab03	Bacteria	 Proteobacteria	 Alphaproteobacteria	 Sphingomonadales	 Sphingomonadaceae		
b4cfa667d490dacf47cbf5bf93a50d77	Bacteria	 Proteobacteria	 Alphaproteobacteria	 Rickettsiales	 Mitochondria	 Mitochondria	
a60f0b4bc20e5a162b45b3d2ed7a0d6c	Bacteria	 Proteobacteria	 Alphaproteobacteria	 Caulobacterales	 Caulobacteraceae	 Caulobacter	
a00c5b221732a1d46f25a80513467fc1	Bacteria	 Myxococcota	 Myxococcia	 Myxococcales	 Myxococcaceae	 P3OB-42	 uncultured_bacterium
b7178af2a8ebf0cb9c1e56605f18602b	Bacteria	 Bacteroidota	 Bacteroidia	 Chitinophagales	 Chitinophagaceae	 Ferruginibacter	
2bfacb3a3cd2448ffab10976b92d7046	Unassigned						
0da400738282b5f61521247fd4fcbbaf	Eukaryota	 Basidiomycota	 Tremellomycetes	 Tremellales	 Bulleribasidiaceae	 Vishniacozyma	 uncultured_Basidiomycota
c2d5b1fe7e78d3d6f19b77c071c5c0f8	Bacteria	 Proteobacteria	 Gammaproteobacteria	 Xanthomonadales	 Xanthomonadaceae	 Xanthomonas	
b1dde0ed7ab1f036845b5643cfaa699e	Bacteria	 Actinobacteriota	 Actinobacteria	 Kineosporiales	 Kineosporiaceae	 Kineococcus	
4d03e6ffcbfc3eb7c5a4bbbee611902f	Bacteria						
4d3b8f92a6ac8bbb70433af8d45fd584	Bacteria	 Firmicutes	 Clostridia	 Peptostreptococcales-Tissierellales	 Peptostreptococcales-Tissierellales	 Anaerococcus	
c0f775fff77049501c4f8b4f5460097c	Bacteria	 Proteobacteria	 Gammaproteobacteria	 Burkholderiales	 Burkholderiaceae	 Cupriavidus	
67fffd31e40c5859edbd4e74dd2223d8	Bacteria						
a28de96a5b9e7d7aba385c063309be45	Bacteria						
e5c19d7800b18015f3a917fc015fc42f	Bacteria	 Proteobacteria	 Gammaproteobacteria	 Pseudomonadales	 Moraxellaceae	 Enhydrobacter	
f7c1fdd23c09aadca0633028765caa5b	Unassigned						
23620e81538019f85c727ec1791df244	Bacteria	 Bacteroidota	 Bacteroidia	 Sphingobacteriales	 Sphingobacteriaceae	 Mucilaginibacter	 Mucilaginibacter_galii
5d5db5a4b1cb701462bfd0989f5a3495	Bacteria	 Proteobacteria	 Gammaproteobacteria	 Burkholderiales	 Comamonadaceae	 Tepidimonas	
7825b2d324666e03f6432d54c1dbd455	Bacteria	 Proteobacteria	 Gammaproteobacteria	 Enterobacterales	 Morganellaceae	 Buchnera	
36ce67b3fecce277df99829617975495	Bacteria	 Actinobacteriota	 Actinobacteria	 Micrococcales	 Micrococcaceae	 Rothia	
3b00dbe5c60e8051a17ef075c80262a8	Unassigned						
6b95c7f30f187cde1443834375576cc0	Bacteria						
91d3e89d07d3d42f243742b050140bbb	Bacteria	 Proteobacteria	 Gammaproteobacteria	 Burkholderiales	 Oxalobacteraceae	 Massilia	
19840c984340a7006c77cfd3573e6a00	Bacteria	 Proteobacteria	 Gammaproteobacteria				
83035c847987fb3271f776c38e77b78f	Bacteria						
08f53a95e0d714c0237e6a75078ff29b	Unassigned						
8612a638846acf832935cb932a1f0398	Bacteria	 Bacteroidota	 Bacteroidia	 Flavobacteriales	 Weeksellaceae	 Cloacibacterium	
7a65fd074e8ba1522664a4de341904dd	Bacteria	 Bacteroidota	 Bacteroidia	 Cytophagales	 Spirosomaceae	 Spirosoma	
e166afb28dc7d02ad14c2c5e8d0ec59a	Bacteria	 Proteobacteria	 Gammaproteobacteria	 Enterobacterales	 Morganellaceae	 Arsenophonus	
ef8cf39ab4e4dcda9e450098785170dd	Bacteria	 Proteobacteria	 Alphaproteobacteria	 Rickettsiales	 Mitochondria	 Mitochondria	 uncultured_bacterium
0c579d21280801f02a641e1608606927	Bacteria	 Actinobacteriota	 Actinobacteria	 Micrococcales	 Micrococcaceae	 Micrococcus	
2db986df84cbd5e25df5b35ded879d36	Unassigned						
9c0de7908dd6ef3d536b42d9e11e0779	Bacteria	 Proteobacteria	 Gammaproteobacteria	 Burkholderiales	 Comamonadaceae		
a23b3a0149b2b351b0fa5be606e42253	Bacteria	 Abditibacteriota	 Abditibacteria	 Abditibacteriales	 Abditibacteriaceae	 Abditibacterium	 uncultured_organism
a731a884c1dd97bea23959222bf9f9c0	Unassigned						
33295f1846cff2bf9c88e15798fbc91d	Bacteria	 Firmicutes	 Bacilli	 Bacillales	 Bacillaceae	 Anoxybacillus	
6d01fc68a6865fce6a080106fff19bfc	Bacteria	 Proteobacteria	 Alphaproteobacteria	 Rickettsiales	 Mitochondria	 Mitochondria	
de68ebfc2f017e2dd2615115e3073d50	Bacteria	 Proteobacteria	 Gammaproteobacteria	 Cardiobacteriales	 Wohlfahrtiimonadaceae	 Koukoulia	 Koukoulia_aurantiaca
f32490b8845851fe9be12251653f85f3	Bacteria	 Actinobacteriota	 Actinobacteria	 Micrococcales	 Microbacteriaceae		
066cedc506389990d745ea9c1404ce73	Bacteria	 Proteobacteria	 Alphaproteobacteria	 Rhizobiales	 Beijerinckiaceae	 Methylobacterium-Methylorubrum	
428e4a80a1e14a59d72810a32f62f434	Bacteria	 Proteobacteria	 Gammaproteobacteria	 Pseudomonadales	 Pseudomonadaceae	 Pseudomonas	
b509368c1a23a2287d0f8db2e4f3f556	Unassigned						
d9d610c4aac9b818acebdfe575642842	Bacteria	 Proteobacteria	 Alphaproteobacteria	 Rickettsiales	 Mitochondria	 Mitochondria	
27e6235c00cd8347027b830d9069457f	Bacteria	 Proteobacteria	 Alphaproteobacteria	 Rickettsiales	 Mitochondria	 Mitochondria	 uncultured_bacterium
294a53cb340b669c7784e1ee7e1fe864	Bacteria	 Proteobacteria	 Alphaproteobacteria	 Sphingomonadales	 Sphingomonadaceae	 Sphingomonas	
c87a2ef0523bf10d944f583fa016f47c	Bacteria	 Firmicutes	 Clostridia	 Peptostreptococcales-Tissierellales	 Peptostreptococcales-Tissierellales	 Anaerococcus	
455d5df301a24f622afa6b217592d5a1	Unassigned						
886813d6c66ef41ef648c9b92ffde619	Bacteria	 Actinobacteriota	 Actinobacteria	 Corynebacteriales	 Corynebacteriaceae	 Corynebacterium	
cab9c2dede8b1866af3018ce8048f053	Eukaryota	 Basidiomycota	 Tremellomycetes	 Tremellales			
36aebba06265134f439d64305ffc1cd4	Unassigned						
3ebe761bfb1238c87195d431f41bf976	Bacteria	 Proteobacteria	 Gammaproteobacteria	 Pseudomonadales	 Moraxellaceae	 Acinetobacter	
85ac83daa78930e71ceff45dcd61ee12	Bacteria	 Proteobacteria	 Alphaproteobacteria	 Rhizobiales	 Beijerinckiaceae	 Methylobacterium-Methylorubrum	 Methylobacterium_organophilum
ba437bbfa9f0c445629e8206dac159b0	Bacteria	 Proteobacteria	 Alphaproteobacteria	 Rickettsiales	 Mitochondria	 Mitochondria	 Sclerotinia_borealis
146195f72933e590d98b89c38d6eda33	Bacteria	 Actinobacteriota	 Actinobacteria	 Frankiales	 Geodermatophilaceae	 Klenkia	
397100f7bd0388a89b9cf5bbb5b9ac92	Bacteria	 Proteobacteria	 Alphaproteobacteria	 Rickettsiales	 Mitochondria	 Mitochondria	
4da9036fd69a0fe8430f212b8f0e4a22	Bacteria	 Proteobacteria	 Alphaproteobacteria	 Acetobacterales	 Acetobacteraceae		
4f5efd25dacb5d639316e7291ff6ff8b	Bacteria	 Proteobacteria	 Gammaproteobacteria	 Burkholderiales	 Neisseriaceae	 Neisseria	
65cb9e65b49759d4a34bd58cc21e93bb	Bacteria	 Proteobacteria	 Alphaproteobacteria	 Sphingomonadales	 Sphingomonadaceae	 Sphingomonas	
6ea8228cb56f8a62f932f0e613bca40e	Bacteria	 Firmicutes	 Bacilli	 Thermicanales	 Thermicanaceae	 Thermicanus	 uncultured_bacterium
864267f12bedace19272af56224498c7	Bacteria	 Proteobacteria	 Gammaproteobacteria	 Burkholderiales	 Neisseriaceae	 uncultured	 uncultured_bacterium
8b109488d043f18953974eccc1afa718	Bacteria	 Myxococcota	 Myxococcia	 Myxococcales	 Myxococcaceae	 P3OB-42	
912f795ef3617aeb65ff9ad69b9567a8	Bacteria	 Proteobacteria	 Gammaproteobacteria	 Xanthomonadales	 Xanthomonadaceae	 Stenotrophomonas	
0ae5531a9802e71139c959faebdde10c	Bacteria	 Proteobacteria	 Alphaproteobacteria	 Reyranellales	 Reyranellaceae	 Reyranella	
1533ba05ec0252bfd00a679ccbcaaff7	Bacteria	 Bacteroidota	 Bacteroidia	 Sphingobacteriales	 env.OPS_17	 env.OPS_17	 uncultured_Sphingobacteriia
2a555ce0495d9c8271df5fea627047bd	Eukaryota	 Basidiomycota	 Tremellomycetes	 Tremellales	 Bulleribasidiaceae	 Hannaella	
3d94b6160b087a8d906f9a4418cc5abd	Bacteria	 Proteobacteria	 Alphaproteobacteria	 Rickettsiales	 Mitochondria	 Mitochondria	 Botryosphaeria_dothidea
622da4e8b3fc340bb1b5b54d8b6ddfaf	Bacteria	 Bacteroidota	 Bacteroidia	 Bacteroidales	 Dysgonomonadaceae	 Dysgonomonas	
81ab0c88f3d09b179e4c9ff0a2453320	Bacteria	 Proteobacteria	 Alphaproteobacteria	 Acetobacterales	 Acetobacteraceae		
92f1720367db58c68a96eceb9feb416a	Bacteria	 Proteobacteria	 Alphaproteobacteria	 Rhizobiales	 Beijerinckiaceae	 Methylobacterium-Methylorubrum	
a56a4260b93ea25bcebc3804b4811d90	Bacteria	 Cyanobacteria	 Cyanobacteriia	 Chloroplast	 Chloroplast	 Chloroplast	
2743823e7602e70cfa467627e69d2774	Bacteria	 Proteobacteria	 Alphaproteobacteria	 Rhizobiales	 Rhizobiaceae	 Allorhizobium-Neorhizobium-Pararhizobium-Rhizobium	
443deb749fb975dce673cd194200e67c	Bacteria	 Proteobacteria	 Alphaproteobacteria	 Sphingomonadales	 Sphingomonadaceae	 Sphingomonas	
bb19d70f1ff60fbaec79a245bb2ed1b5	Bacteria	 Proteobacteria					
c23d9c4626abe211214430dea60e8505	Bacteria	 Proteobacteria	 Gammaproteobacteria	 Enterobacterales	 Pectobacteriaceae	 Pectobacterium	
f7a6cf546778df1da49e3f675e4e25b7	Bacteria	 Bacteroidota	 Bacteroidia	 Chitinophagales	 Chitinophagaceae		
09de3dde6c465b74bcb8e6f8a478e4e0	Bacteria	 Actinobacteriota	 Actinobacteria	 Corynebacteriales	 Nocardiaceae	 Rhodococcus	
1c3179ee0d8fa91c1d2f5ec05323c201	Bacteria	 Bacteroidota	 Bacteroidia	 Cytophagales	 Hymenobacteraceae	 Hymenobacter	 Hymenobacter_bucti
3354aca729b453e9c75fcf426962e927	Bacteria	 Proteobacteria	 Alphaproteobacteria	 Sphingomonadales	 Sphingomonadaceae		
3a7bcfd3dd1c23c2efae4b6b3fcd36a3	Bacteria	 Proteobacteria	 Alphaproteobacteria	 Rhizobiales	 Xanthobacteraceae	 Bradyrhizobium	
5e814148a3b624cf4fedfcbe6b574282	Bacteria	 Proteobacteria	 Gammaproteobacteria	 Xanthomonadales	 Rhodanobacteraceae	 Dyella	
6bd194c1ca8d7cd75d362a1b5ef9f85c	Bacteria	 Proteobacteria	 Alphaproteobacteria	 Sphingomonadales	 Sphingomonadaceae	 Sphingomonas	
90049339fa1863fc439c61019f75449f	Bacteria	 Acidobacteriota	 Acidobacteriae	 Subgroup_2	 Subgroup_2	 Subgroup_2	
e48896c5b786628ea0941edadc38d14c	Bacteria	 Proteobacteria					
040609a61fea4adad2511bc9e845bd04	Bacteria	 Cyanobacteria	 Cyanobacteriia	 Chloroplast	 Chloroplast	 Chloroplast	
06ad92b8571a601a6ba26f122d2b2a55	Bacteria	 Proteobacteria	 Gammaproteobacteria	 Burkholderiales	 Nitrosomonadaceae	 Ellin6067	
1fa19a198819b145e52bb266e4e7840b	Bacteria	 Proteobacteria	 Alphaproteobacteria	 Sphingomonadales	 Sphingomonadaceae	 Sphingomonas	
2606655cc236270d91a2efe6d02a7c32	Bacteria	 Proteobacteria	 Alphaproteobacteria	 Acetobacterales	 Acetobacteraceae	 Acidocella	
5a85851196cf28506943318a2b3d5114	Bacteria	 Firmicutes	 Bacilli	 Bacillales	 Bacillaceae	 Bacillus	
7643d4802718985a12687b716fdf5f13	Bacteria	 Myxococcota	 Myxococcia	 Myxococcales	 Myxococcaceae	 P3OB-42	 uncultured_bacterium
9dafb170f0fef4771a4ee1e3ea46ce5c	Bacteria	 Bacteroidota	 Bacteroidia	 Sphingobacteriales	 Sphingobacteriaceae	 Mucilaginibacter	
a452f9e284085dc75573413044cac060	Unassigned						
b63edd27d66cb22a08a048ce4e488c09	Bacteria	 Acidobacteriota	 Holophagae	 Holophagales	 Holophagaceae	 uncultured	
dab51b55d73211eac950c51ddaf10e14	Bacteria	 Proteobacteria	 Alphaproteobacteria	 Rickettsiales	 Mitochondria	 Mitochondria	
dc29bfefce2f736c1b433d672598ac18	Bacteria	 Proteobacteria	 Alphaproteobacteria	 Rickettsiales	 Mitochondria	 Mitochondria	
2f23ba04e29d4f4fe40a157cc74d49b8	Bacteria	 Proteobacteria	 Alphaproteobacteria	 Acetobacterales	 Acetobacteraceae	 Acidiphilium	
46e93aaaff5bdb7a2de784dd1384471b	Bacteria	 Cyanobacteria	 Cyanobacteriia	 Chloroplast	 Chloroplast	 Chloroplast	
6f84e151868bb00a607df4e581ae8cb7	Unassigned						
79e52e97dc33d94bee90252851797be6	Bacteria	 Bacteroidota	 Bacteroidia	 Cytophagales	 Hymenobacteraceae	 Hymenobacter	
86e3f13c7e7dfe75eb7f308835b054fe	Bacteria	 Cyanobacteria	 Cyanobacteriia	 Chloroplast	 Chloroplast	 Chloroplast	
95d7e9ed7841cba6a903805ceea06db4	Bacteria						
96d17a74785409fefb031199be0482ae	Bacteria	 Proteobacteria	 Gammaproteobacteria				
9a379007463042a5594cbaf10b00e7b6	Bacteria	 Acidobacteriota	 Blastocatellia	 Blastocatellales	 Blastocatellaceae	 uncultured	 uncultured_bacterium
f37fc1dccfeba0004cbeb4f1ad6083c6	Bacteria	 Proteobacteria	 Gammaproteobacteria	 Burkholderiales	 Oxalobacteraceae	 Duganella	
28ec4537e4721e372d85f3724ae535d6	Bacteria	 Myxococcota	 Polyangia	 Polyangiales	 Polyangiaceae	 Pajaroellobacter	
45708d852494fff89052fef04471c252	Bacteria	 Bacteroidota	 Bacteroidia	 Cytophagales	 Spirosomaceae	 Spirosoma	
7cc0e7ff1bf8908728ffb30dc171f655	Bacteria	 Proteobacteria	 Gammaproteobacteria	 Burkholderiales	 Comamonadaceae		
80e79d9858cf8bff95f69ea82b237061	Bacteria	 Proteobacteria	 Alphaproteobacteria	 Acetobacterales	 Acetobacteraceae	 Gluconobacter	
8aebd281f414da8d250ae88622cb292a	Eukaryota	 Basidiomycota	 Cystobasidiomycetes	 Incertae_Sedis	 Incertae_Sedis	 Buckleyzyma	 Buckleyzyma_aurantiaca
9a30a9e05bda060942b49c8b7112d00e	Bacteria	 Proteobacteria	 Gammaproteobacteria	 Pseudomonadales	 Pseudomonadaceae	 Pseudomonas	
bd662f911204efc40160f60457f77744	Bacteria	 Acidobacteriota	 Vicinamibacteria	 Vicinamibacterales	 uncultured	 uncultured	
d0e75f76911e5d6f05f2c77cefae027f	Bacteria						
d15bd1dcb9de71d7452648673a59f5b8	Bacteria	 Bacteroidota	 Bacteroidia	 Sphingobacteriales	 Sphingobacteriaceae	 Pedobacter	
d54df118afbb4a7d365c96d7bef5f056	Bacteria	 Proteobacteria	 Alphaproteobacteria	 Rhizobiales	 Rhizobiaceae		
ebb0349f3f4010c2cf9c3bffc4f5061e	Bacteria	 Chloroflexi	 Chloroflexia	 Thermomicrobiales	 JG30-KF-CM45	 JG30-KF-CM45	
edcc909e795a9d270281e1d173df86fa	Bacteria	 Proteobacteria	 Alphaproteobacteria	 Acetobacterales	 Acetobacteraceae	 Roseomonas	
07772953f232a0212817b653fb0a85b5	Unassigned						
15731eb7ade4702413477af1164fd2a4	Unassigned						
19dd7bb96c154fa557dcd72d90732879	Bacteria	 Proteobacteria	 Gammaproteobacteria	 Burkholderiales	 Comamonadaceae		
1e770107d4f95e6e1c7f8a51513ef1e5	Bacteria	 Proteobacteria	 Alphaproteobacteria	 Rickettsiales	 Mitochondria	 Mitochondria	 uncultured_bacterium
2b71df8da6080503cfdabb79b71f5b04	Bacteria						
40d37e940ccdbf77f24b526b7fae286c	Bacteria	 Proteobacteria	 Alphaproteobacteria	 Rickettsiales	 Mitochondria	 Mitochondria	
5c3eb61b8f54e773facb1100b0000188	Bacteria	 Proteobacteria	 Alphaproteobacteria	 Rhizobiales			
64f5aa445f8111ff264b01b39cf0d065	Bacteria	 Proteobacteria	 Alphaproteobacteria	 Rickettsiales	 Mitochondria	 Mitochondria	
6c89dc69750c199b5a905471aa892d54	Bacteria						
79de530013dc894edc4ffef91d2a3585	Bacteria	 Actinobacteriota	 Actinobacteria	 Propionibacteriales	 Nocardioidaceae	 Nocardioides	
7d54dfd7504b691840d0fbc3d011f267	Bacteria						
820f6693f569e339f183638cd73a7fe6	Bacteria	 Actinobacteriota	 Actinobacteria	 Corynebacteriales	 Corynebacteriaceae	 Lawsonella	
91f4ac9b5fb8163d425a44e7e5a69e56	Bacteria	 Firmicutes	 Bacilli	 Paenibacillales	 Paenibacillaceae	 Paenibacillus	
9580aa8a52ec18a4e92e701cdb595faa	Bacteria	 Firmicutes	 Clostridia	 Clostridiales	 Clostridiaceae	 Clostridium_sensu_stricto_1	
a206cc680cb24a8575d7c26e9d73b6ce	Bacteria	 Proteobacteria	 Alphaproteobacteria	 Dongiales	 Dongiaceae	 Dongia	
b2f0a7b707f691067958dbcb741aaece	Unassigned						
c22b16cc6108c04f29fea3b6d4c81571	Bacteria	 Proteobacteria	 Gammaproteobacteria	 Pseudomonadales	 Moraxellaceae	 Acinetobacter	
c7935689bc3dbc0bb1a55c7f81363f9e	Bacteria	 Cyanobacteria	 Cyanobacteriia	 Chloroplast	 Chloroplast	 Chloroplast	
c90b8f2face2797cc4f7d838b58dd68b	Bacteria	 Proteobacteria	 Gammaproteobacteria	 Gammaproteobacteria_Incertae_Sedis	 Unknown_Family	 Acidibacter	
cabe786f20304c6fc80ca8123778348e	Bacteria	 Proteobacteria	 Alphaproteobacteria	 Rickettsiales	 Mitochondria	 Mitochondria	 uncultured_bacterium
d5761a200e526705c06a8453f49519a6	Bacteria	 Proteobacteria	 Alphaproteobacteria	 Reyranellales	 Reyranellaceae	 Reyranella	
e36b98433bb3d34314a12dd13f3e9783	Bacteria	 Proteobacteria	 Alphaproteobacteria	 Rickettsiales	 Mitochondria	 Mitochondria	
e914324e4a576b5588262dd50eb6586d	Bacteria	 Proteobacteria	 Alphaproteobacteria	 Rickettsiales	 Mitochondria	 Mitochondria	
f90afc36173cecebf13c23dea8290bd2	Bacteria	 Proteobacteria	 Alphaproteobacteria	 Rickettsiales	 Mitochondria	 Mitochondria	 uncultured_bacterium
04dde42aa41937090ea9134ac333ff89	Bacteria	 Proteobacteria	 Alphaproteobacteria	 Rickettsiales	 Mitochondria	 Mitochondria	 uncultured_bacterium
0e8b2d7d8b29386fc1c203c9b2f8511a	Bacteria	 Acidobacteriota	 Blastocatellia	 Pyrinomonadales	 Pyrinomonadaceae	 RB41	
15978d190133c30d93a718c51faa9e5a	Bacteria	 Proteobacteria	 Gammaproteobacteria	 Beggiatoales	 Beggiatoaceae	 uncultured	 uncultured_gamma
1a5e04503c12765a59fc6746fd3889d5	Bacteria	 Proteobacteria	 Alphaproteobacteria	 Rickettsiales	 Mitochondria	 Mitochondria	
223fd28b204031e8d404ecf44d180312	Bacteria	 Bacteroidota	 Bacteroidia	 Bacteroidales	 Tannerellaceae	 Parabacteroides	 Parabacteroides_goldsteinii
2f6835b259675180d251c46704eb764c	Bacteria	 Actinobacteriota	 Actinobacteria	 Micromonosporales	 Micromonosporaceae		
3791f28dd6e8daad11dde2e9dfee193f	Bacteria	 Bacteroidota	 Bacteroidia	 Cytophagales	 Hymenobacteraceae	 Hymenobacter	
3e26f5b7f944cefaf3dd8ebb44469445	Bacteria	 Bacteroidota	 Bacteroidia	 Chitinophagales	 Chitinophagaceae	 Terrimonas	
60e9ccd9b2c6ca734099730ca97bcbb4	Bacteria	 Bacteroidota	 Bacteroidia	 Cytophagales	 Spirosomaceae	 Dyadobacter	
650a72407e452f95505b0c8abf14d029	Bacteria	 Proteobacteria	 Alphaproteobacteria	 Rhizobiales	 Rhizobiaceae		
6950961c23320869175d3838e35af1b7	Bacteria	 Proteobacteria	 Alphaproteobacteria	 Rickettsiales	 Rickettsiaceae		
72b359344e18b9db5c9d800e1b961f8e	Bacteria	 Proteobacteria	 Alphaproteobacteria	 Rickettsiales	 Mitochondria	 Mitochondria	
769ca485581fc30bb49312d1b42f0ef6	Bacteria	 Myxococcota	 Polyangia	 Polyangiales	 BIrii41	 BIrii41	 uncultured_proteobacterium
7ef448d05afa9618b487ef3379ecbcdb	Bacteria	 Bdellovibrionota	 Bdellovibrionia	 Bdellovibrionales	 Bdellovibrionaceae	 Bdellovibrio	 uncultured_bacterium
8a973819799870654981cdd3a283b9e5	Unassigned						
923f521b9cf313f1f95c9367e09bbc1c	Bacteria	 Firmicutes	 Negativicutes	 Veillonellales-Selenomonadales	 Veillonellaceae	 Veillonella	
a9f86de742238469de506d51e367dd93	Bacteria	 Proteobacteria	 Gammaproteobacteria	 Enterobacterales	 Morganellaceae	 Candidatus_Regiella	
ab09da483c96264bd76d907501347955	Unassigned						
ab530a2ac42796a94172e3cb293c4af4	Bacteria	 Actinobacteriota	 Actinobacteria	 Corynebacteriales	 Nocardiaceae	 Williamsia	
b82210757d3da912689f1f4577037fde	Unassigned						
bfa6ccaaf7fd6f26461b83354bc2421b	Bacteria	 Bacteroidota	 Bacteroidia	 Chitinophagales			
deabc140172e9cc31f1e454922ed63fc	Bacteria	 Cyanobacteria	 Cyanobacteriia	 Chloroplast	 Chloroplast	 Chloroplast	
dfdd9beb0ba9624767f29858b5397ade	Bacteria	 Proteobacteria	 Alphaproteobacteria	 Sphingomonadales	 Sphingomonadaceae		
e01d8826cef6ffc2c85339d701225e18	Bacteria						
e1795a36ca8b97286e76341306b9bd97	Unassigned						
e9a8af345f8fdb74402aecbcfcaa0848	Bacteria	 Proteobacteria	 Alphaproteobacteria	 Rickettsiales	 Mitochondria	 Mitochondria	
f78e6f3d194fed13d12d7dede86ffbb2	Bacteria	 Proteobacteria	 Alphaproteobacteria	 Rickettsiales	 Mitochondria	 Mitochondria	 uncultured_bacterium
f7c335749d893d37eb762272ec1e6d80	Unassigned						
fea200074ed31a9983de0348db201cdb	Unassigned						
ffa99ab5e960df69a8449e2c199691f2	Bacteria	 Proteobacteria	 Alphaproteobacteria	 Rhodobacterales	 Rhodobacteraceae		
00f7793b9e96c3365f6a3a097c56805d	Bacteria	 Firmicutes	 Bacilli	 Lactobacillales	 Listeriaceae	 Brochothrix	
0d34e514b2d0d3a14fbfa27a9717f5ae	Bacteria	 Bacteroidota	 Bacteroidia	 Sphingobacteriales	 Sphingobacteriaceae	 Pedobacter	
0ed1b677d6d31760dbcb0a1f86bcdaea	Bacteria	 Gemmatimonadota	 S0134_terrestrial_group	 S0134_terrestrial_group	 S0134_terrestrial_group	 S0134_terrestrial_group	
103d4717d11acd6e0699202cffef4903	Bacteria	 Proteobacteria	 Gammaproteobacteria	 Burkholderiales	 Oxalobacteraceae		
12365538833d9e4b5a65a52f869516d5	Bacteria	 Proteobacteria	 Alphaproteobacteria	 Rickettsiales	 Mitochondria	 Mitochondria	 uncultured_bacterium
13ad238ff80cde86ce862692d31236d7	Bacteria	 Bacteroidota	 Bacteroidia	 Sphingobacteriales	 Sphingobacteriaceae	 Mucilaginibacter	
3b17b800ee0a998cae84dca5086bec71	Bacteria	 Proteobacteria	 Alphaproteobacteria	 Rickettsiales	 Mitochondria	 Mitochondria	 uncultured_bacterium
3bcd53dd16ed587ab1107e84b335a89a	Bacteria	 Proteobacteria	 Alphaproteobacteria	 Rhizobiales	 Rhizobiales_Incertae_Sedis	 uncultured	
40852487026566f0d6f404243acff468	Bacteria	 Actinobacteriota	 Actinobacteria	 Micrococcales	 Microbacteriaceae		
41258417a44a0ee676fbc0439219147a	Bacteria	 Acidobacteriota	 Blastocatellia	 11-24	 11-24	 11-24	
4633675be8e83dae35a8d94b9b573bee	Bacteria	 Bacteroidota	 Bacteroidia	 Bacteroidales	 Tannerellaceae		
466ada3233cb5919ff6a091750046387	Bacteria	 Proteobacteria	 Alphaproteobacteria	 Rickettsiales	 Mitochondria	 Mitochondria	
592ee163b3b39f94c473795835bd3742	Bacteria	 Firmicutes	 Bacilli	 Paenibacillales	 Paenibacillaceae	 Paenibacillus	
5c0909498baf93f1f49b9d9a489ee90f	Bacteria	 Actinobacteriota	 Actinobacteria	 Kineosporiales	 Kineosporiaceae		
5d4fd6c7653ba9ab684e0df6449d16c2	Bacteria	 Myxococcota	 Polyangia	 mle1-27	 mle1-27	 mle1-27	
61cb80f37554290f3665ecb6ba8d0908	Bacteria	 Proteobacteria	 Alphaproteobacteria	 Sphingomonadales	 Sphingomonadaceae	 Sphingomonas	
6517e4668c0b66de80cc33ce742bac81	Bacteria						
6c24b68612a17a56c615632bad2e1348	Bacteria	 Proteobacteria	 Alphaproteobacteria	 Rickettsiales	 Mitochondria	 Mitochondria	 uncultured_bacterium
7961a9162080433d58e4d0c93ce23dec	Bacteria						
7c358bb9b765e23fa67711030c8e2ee0	Bacteria	 Planctomycetota					
8665d5e02a43c1bd36c4938aec04b4ca	Bacteria	 Acidobacteriota	 Holophagae	 Subgroup_7	 Subgroup_7	 Subgroup_7	
8a59e5a106c6d69407e3b290e4c16e84	Bacteria	 Proteobacteria	 Alphaproteobacteria	 Reyranellales	 Reyranellaceae	 Reyranella	
90641ac38273906fc58e6ce072c21fa2	Bacteria	 Proteobacteria	 Alphaproteobacteria	 Rhizobiales	 D05-2	 D05-2	
9267d2bcee535c2c28a239c3d6099235	Bacteria	 Cyanobacteria	 Cyanobacteriia	 Chloroplast	 Chloroplast	 Chloroplast	
9a4a20f91e538a18bcc5e84fd93691fd	Unassigned						
9acb555d3c5dd77e9035a661e7ad1bb6	Bacteria	 Firmicutes	 Clostridia	 Clostridiales	 Clostridiaceae	 Clostridium_sensu_stricto_1	
9b28d7dc776542f53a9269affbacee8d	Bacteria	 Proteobacteria	 Gammaproteobacteria	 CCD24	 CCD24	 CCD24	
9c5211051d144b55105d1df1f3409076	Bacteria	 Acidobacteriota	 Acidobacteriae	 Acidobacteriales	 Acidobacteriaceae_(Subgroup_1)		
a1752c5bb47276041bb2e24cfbaf8e53	Bacteria	 Actinobacteriota	 Thermoleophilia	 Gaiellales	 uncultured	 uncultured	
a4c70502d9722569e185f44c54066d9c	Bacteria	 Proteobacteria	 Gammaproteobacteria	 Salinisphaerales	 Solimonadaceae	 Nevskia	
b11bb11e69fd71abeb99bb750a3b478a	Bacteria	 Actinobacteriota	 Actinobacteria	 Streptomycetales	 Streptomycetaceae	 Streptomyces	
bc7441c366aaca2fd7c034d7454bd685	Bacteria	 Proteobacteria	 Alphaproteobacteria	 Caulobacterales	 Caulobacteraceae	 uncultured	
c044b3f6434dd59b48f9be53891395ba	Bacteria	 Proteobacteria	 Gammaproteobacteria				
cc3ec320dd59c4bd3953d1e84405c886	Bacteria	 Proteobacteria	 Gammaproteobacteria	 Burkholderiales	 Oxalobacteraceae	 Massilia	
cc7e78381ff8236318b0214b45245c29	Bacteria	 Proteobacteria	 Gammaproteobacteria	 Burkholderiales	 Burkholderiaceae	 Ralstonia	
d0259a7b0fd67834dab0241f2414779f	Eukaryota	 Apicomplexa	 Conoidasida	 Gregarinasina	 Eugregarinorida	 Gregarina	
dca79fe5c41a2a5e33e1c3e4152f1c41	Bacteria	 Firmicutes	 Bacilli	 Paenibacillales	 Paenibacillaceae	 Saccharibacillus	
de067d7c0956bbc602a70f9c6da0cb4c	Bacteria	 Actinobacteriota	 Thermoleophilia	 Solirubrobacterales	 Solirubrobacteraceae	 uncultured	 Colobanthus_quitensis
dfad8c8bd0537264e789e7f08664f69b	Bacteria	 Proteobacteria	 Alphaproteobacteria	 Rhizobiales	 Rhizobiaceae		
ee32d34c5c28552a23fadba1b70c331c	Bacteria	 Bacteroidota	 Bacteroidia	 Chitinophagales	 Chitinophagaceae		
f35d4dc9b25af04a6f30a656d6660280	Bacteria	 Proteobacteria	 Alphaproteobacteria	 Azospirillales	 Azospirillaceae	 Skermanella	
f42309a74e8f72143785a7207584b6f7	Bacteria	 Firmicutes	 Clostridia	 Peptostreptococcales-Tissierellales	 Peptostreptococcales-Tissierellales	 Anaerococcus	 Anaerococcus_provencensis
060cf91cfb472b04d82e15a19461c523	Bacteria	 Firmicutes	 Clostridia	 Oscillospirales	 Ruminococcaceae	 Ruminococcus	 Clostridium_islandicum
08d5ca12ccdde62e508ceca0eee43abe	Bacteria	 Proteobacteria	 Alphaproteobacteria	 Rickettsiales	 Mitochondria	 Mitochondria	
08f8d83d9566e6477feaa25a1a3ca5e5	Bacteria	 Actinobacteriota	 Actinobacteria	 Frankiales	 uncultured	 uncultured	
09f9294499192d4eecf29e85501cc425	Bacteria	 Bacteroidota	 Bacteroidia	 Flavobacteriales	 Weeksellaceae	 Bergeyella	 uncultured_bacterium
09fb9a825ce15adbdb8cb2fc98de038b	Bacteria	 Acidobacteriota	 Acidobacteriae	 Acidobacteriales	 uncultured	 uncultured	
0e2e91fba1ca9ed7de2d11ea4786c914	Bacteria	 Proteobacteria	 Gammaproteobacteria	 Pseudomonadales	 Moraxellaceae	 Acinetobacter	
135d1619ead648dc737561220ce0bc5f	Bacteria	 Bacteroidota	 Bacteroidia	 Cytophagales	 Spirosomaceae	 Spirosoma	 uncultured_bacterium
154c8ea38308e0d5729e436be3877b65	Bacteria	 Proteobacteria	 Gammaproteobacteria	 Burkholderiales	 Oxalobacteraceae	 Massilia	
15d56c1957f615a428b92ab2d5f3e1ee	Bacteria	 Proteobacteria	 Alphaproteobacteria	 Rhizobiales	 Rhizobiaceae		
177dfe6a392177a4aec6f6bbdc97d451	Bacteria	 Proteobacteria	 Alphaproteobacteria	 Rickettsiales	 Mitochondria	 Mitochondria	 uncultured_bacterium
1a883863725eead9924f1c1ae4f7f3da	Bacteria	 Proteobacteria	 Alphaproteobacteria	 Sphingomonadales	 Sphingomonadaceae	 Altererythrobacter	 Porphyrobacter_mercurialis
1ca76c972b06f42e21947c83a045848f	Bacteria	 Proteobacteria	 Alphaproteobacteria	 Rhodobacterales	 Rhodobacteraceae		
1f6cf1d5418139ccc08e2bb80b6fd00d	Bacteria	 Acidobacteriota	 Subgroup_5	 Subgroup_5	 Subgroup_5	 Subgroup_5	 uncultured_bacterium
1f72a06146fd2d5770b75329f5177056	Bacteria	 Chloroflexi	 Anaerolineae	 Caldilineales	 Caldilineaceae	 uncultured	
2507247e97f75114a32207d7a87fa4da	Bacteria	 Proteobacteria	 Gammaproteobacteria	 Burkholderiales	 TRA3-20	 TRA3-20	
25b1ef1be9884ad53c5f486b19757382	Unassigned						
2a8a6d21c2a94d778daf459b41229365	Bacteria	 Proteobacteria	 Alphaproteobacteria				
2e12fed14531cbda9487b6db0ddd2bd9	Bacteria						
3881277081a7f024096cbdb5cdc7fd2e	Bacteria	 Proteobacteria	 Alphaproteobacteria	 Rickettsiales	 Mitochondria	 Mitochondria	
392f3e6995365b2574dafce0babf1af8	Bacteria	 Proteobacteria	 Alphaproteobacteria	 Rhodobacterales	 Rhodobacteraceae		
39ecd7870d6f7285363a14035b2a4aff	Bacteria	 Proteobacteria	 Alphaproteobacteria				
3c269d7c2ba80408daf11dc9e10d5ed7	Bacteria	 Proteobacteria	 Gammaproteobacteria	 Pseudomonadales	 Pseudomonadaceae	 Pseudomonas	
3c6b41d056bbcad88f3b5a14e2c10023	Bacteria	 Bacteroidota	 Bacteroidia	 Cytophagales	 Hymenobacteraceae	 Hymenobacter	
3d0f6eecb2f8a397611824cb3b07390f	Bacteria	 Proteobacteria	 Gammaproteobacteria	 Burkholderiales	 Rhodocyclaceae		
3f94e9c18adba7e60c92f78ffb39f9c0	Bacteria	 Firmicutes	 Bacilli	 Paenibacillales	 Paenibacillaceae	 Paenibacillus	
3fd0458a909c919edc8d7ab1a68a8d80	Bacteria	 Actinobacteriota	 Acidimicrobiia	 Microtrichales	 Ilumatobacteraceae	 uncultured	 uncultured_Actinomycetales
407ae96c2172108fd15441d59ece7d78	Bacteria	 Actinobacteriota	 Thermoleophilia	 Solirubrobacterales	 Solirubrobacteraceae	 Solirubrobacter	
43ad28085ed39a10d727eb619e236bb3	Bacteria	 Latescibacterota	 Latescibacteria	 Latescibacterales	 Latescibacteraceae	 Latescibacteraceae	 metagenome
484a32b5bcde0f1b77873c9aa00a1225	Bacteria	 Bacteroidota	 Bacteroidia	 Cytophagales	 Hymenobacteraceae	 Hymenobacter	
4a5d330cff49dbd9af87b9228a448402	Bacteria	 Proteobacteria	 Alphaproteobacteria	 Rhizobiales	 Beijerinckiaceae	 Methylobacterium-Methylorubrum	 Methylobacterium_gossipiicola
4d33169779e66392bb95cfa4391ff010	Bacteria	 Proteobacteria	 Alphaproteobacteria	 Rickettsiales	 Mitochondria	 Mitochondria	
4f869e35a8f7766276fb1f70bffc1ba3	Bacteria	 Proteobacteria	 Alphaproteobacteria	 Rhizobiales	 Rhizobiaceae		
526f60719efbc69c6a1d39c7ad78f864	Bacteria	 Firmicutes	 Bacilli	 Bacillales	 Bacillaceae	 Bacillus	
537b739be34d0579678f84bd2399763e	Bacteria	 Proteobacteria	 Alphaproteobacteria	 Rickettsiales	 Mitochondria	 Mitochondria	 Pyronema_omphalodes
537dd53b6b8901bc53f10701ae63eb40	Bacteria	 Acidobacteriota	 Subgroup_22	 Subgroup_22	 Subgroup_22	 Subgroup_22	
56ae648840b76878d3da6bb008423f8c	Bacteria	 Myxococcota	 Polyangia	 Polyangiales	 Polyangiaceae		
659c33d7d8e21798c6171fefb27274fd	Bacteria	 Actinobacteriota	 Thermoleophilia	 uncultured	 uncultured	 uncultured	 uncultured_bacterium
66054fadfdd2684107b93ab3a0317f38	Bacteria	 Proteobacteria	 Alphaproteobacteria	 Sphingomonadales	 Sphingomonadaceae	 Sphingobium	
6820a46935c261fdd45e50dc160a6625	Bacteria	 Cyanobacteria	 Cyanobacteriia	 Chloroplast	 Chloroplast	 Chloroplast	
6afee1f1c4409d5ef5b2cdfd39ad3dc0	Bacteria	 Proteobacteria	 Alphaproteobacteria	 Rhizobiales	 Rhizobiaceae	 Allorhizobium-Neorhizobium-Pararhizobium-Rhizobium	
6ba1d7d2757d3a4feb261f371b29cef7	Bacteria	 Proteobacteria	 Alphaproteobacteria	 Rhizobiales	 Beijerinckiaceae		
7105445c113358b595ba1456fa496d9e	Bacteria	 Firmicutes	 Bacilli	 Staphylococcales	 Gemellaceae	 Gemella	
72157e01d951b144c7e9174c09766338	Bacteria	 Bacteroidota	 Bacteroidia	 Flavobacteriales	 Weeksellaceae		
73318feabd6804235fe53b267de68e49	Bacteria	 Proteobacteria	 Alphaproteobacteria	 Rickettsiales	 Mitochondria	 Mitochondria	
735732982d48afe97788dd9b080cb9e4	Bacteria	 Proteobacteria	 Alphaproteobacteria	 Rickettsiales	 Mitochondria	 Mitochondria	
764ef39c17e02ef72a9dbda467961c45	Bacteria	 Bacteroidota	 Bacteroidia	 Chitinophagales	 Chitinophagaceae		
7a1b69b1d7da36b62b095ecfaead4fb0	Bacteria	 Proteobacteria	 Alphaproteobacteria	 Rhizobiales	 Rhizobiaceae		
7c92ae5dd34245862367c1e3cf596b0b	Bacteria	 Planctomycetota	 BD7-11	 BD7-11	 BD7-11	 BD7-11	 uncultured_bacterium
86632d5884be2a4050d136aaffb2640d	Bacteria	 Acidobacteriota	 Vicinamibacteria	 Vicinamibacterales	 uncultured	 uncultured	
89a2c3a7440b0ffba254f850e772169c	Bacteria	 Actinobacteriota	 Acidimicrobiia	 IMCC26256	 IMCC26256	 IMCC26256	
8a06fe602841c5085c8671ef6fead74d	Bacteria	 Proteobacteria	 Alphaproteobacteria	 Rickettsiales	 Mitochondria	 Mitochondria	
8c17baae080d00bce2c92e6467c31306	Unassigned						
8fd881b275d63e3858d51fc2ff54488a	Bacteria	 Bacteroidota	 Bacteroidia	 Flavobacteriales	 Flavobacteriaceae	 Flavobacterium	
9263a8795c61c1993006ab54bee8a66e	Bacteria	 Myxococcota	 Polyangia	 Haliangiales	 Haliangiaceae	 Haliangium	
927a70ad081c682f2c83ecf2c76fba5d	Bacteria	 Proteobacteria	 Gammaproteobacteria	 Pseudomonadales	 Pseudomonadaceae	 Pseudomonas	
99a407244564dbd06f231c128c36d027	Bacteria	 Actinobacteriota	 Actinobacteria	 Corynebacteriales	 Corynebacteriaceae	 Corynebacterium	
9d3b0df191e7929ea80f89202e3c9c9f	Bacteria	 Proteobacteria	 Gammaproteobacteria	 Enterobacterales	 Enterobacteriaceae	 Escherichia-Shigella	
a3473c9968ceb52ae461e333be2af69a	Bacteria	 Proteobacteria	 Alphaproteobacteria	 Rhodobacterales	 Rhodobacteraceae	 Paracoccus	
a43ad7a83aaafe86f998c7a6374bc892	Bacteria	 Bacteroidota	 Bacteroidia	 Cytophagales	 Spirosomaceae	 Spirosoma	 uncultured_bacterium
a5c646bdb1de1aba80cee99ad0d267c5	Bacteria	 Proteobacteria	 Gammaproteobacteria	 Xanthomonadales	 Rhodanobacteraceae	 Dyella	
a92feefb420ff5bd4d43cbfd7290ebc8	Bacteria	 Cyanobacteria	 Vampirivibrionia	 Obscuribacterales	 Obscuribacteraceae	 Obscuribacteraceae	 uncultured_bacterium
aa4ed5dabcc2d5aa7044aee3e39d584c	Bacteria	 Proteobacteria	 Alphaproteobacteria	 Rickettsiales	 Mitochondria	 Mitochondria	
adb589bf84e5e67a50d0f7d319d7dc93	Bacteria	 Bacteroidota	 Bacteroidia	 Bacteroidales	 Dysgonomonadaceae	 Dysgonomonas	
ae39b975bb82d1be620f23ba8a447616	Bacteria	 Abditibacteriota	 Abditibacteria	 Abditibacteriales	 Abditibacteriaceae	 Abditibacterium	 uncultured_actinobacterium
aea377bc427235f2be669658d6cf332e	Bacteria	 Proteobacteria	 Alphaproteobacteria	 Rickettsiales	 Mitochondria	 Mitochondria	 uncultured_bacterium
ba694b590fada856d93ebe2848bcff65	Bacteria	 Latescibacterota	 Latescibacterota	 Latescibacterota	 Latescibacterota	 Latescibacterota	 uncultured_soil
bad850464d14cd4eaef15cd01aa22b9d	Bacteria	 Proteobacteria	 Alphaproteobacteria	 Rhizobiales	 Rhizobiales_Incertae_Sedis	 uncultured	
baf4fbb32f4f45d7eebf62c03527a40b	Bacteria	 Proteobacteria	 Alphaproteobacteria	 Sphingomonadales	 Sphingomonadaceae	 Novosphingobium	
bd1dbfca8f90b58753d026e3b5555d4c	Bacteria	 Cyanobacteria	 Vampirivibrionia	 Obscuribacterales	 Obscuribacteraceae	 Obscuribacteraceae	 uncultured_bacterium
c02307c54728934e3d780831ef5ab355	Bacteria	 Proteobacteria	 Gammaproteobacteria	 Burkholderiales			
c245685d8741c632cb4c63b538e5aa4f	Bacteria	 Cyanobacteria	 Cyanobacteriia	 Chloroplast	 Chloroplast	 Chloroplast	
c514f60370daa8037da773bc17e905dc	Bacteria						
cb28c53c2cc535734f0575251909154c	Bacteria	 Proteobacteria	 Alphaproteobacteria	 Sphingomonadales	 Sphingomonadaceae	 Novosphingobium	
cc82a63fd65840f61b68aeeb3d84f89b	Bacteria	 Actinobacteriota	 Actinobacteria	 Corynebacteriales	 Nocardiaceae	 Rhodococcus	
d2e2f6f0e716ed37bea055a965249cd5	Bacteria	 Proteobacteria	 Alphaproteobacteria	 Rhizobiales	 Rhizobiaceae	 Aureimonas	
d45d2794485a06f39eee1fbb33f1c91a	Bacteria	 Bacteroidota	 Bacteroidia	 Flavobacteriales	 Flavobacteriaceae	 Flavobacterium	
d524f916e6e4f2788c29eb5cc0a3c21e	Bacteria	 Proteobacteria	 Alphaproteobacteria	 Rickettsiales	 Mitochondria	 Mitochondria	
d5ced64f197b70de8111a55cf0c58c49	Bacteria	 Proteobacteria	 Gammaproteobacteria	 Burkholderiales	 Burkholderiaceae	 Burkholderia-Caballeronia-Paraburkholderia	
d6f7959d85d91e6889fa46c675650463	Bacteria	 Proteobacteria	 Gammaproteobacteria	 KI89A_clade	 KI89A_clade	 KI89A_clade	
d8af6b6c19bfeaa43f3c364de9dab0c6	Bacteria	 Proteobacteria	 Alphaproteobacteria	 Rickettsiales	 Mitochondria	 Mitochondria	 Sarocladium_implicatum
daebec966416f389a3e64931fc62945b	Bacteria	 Actinobacteriota	 Actinobacteria	 Corynebacteriales	 Dietziaceae	 Dietzia	
db9fae4c67eb5d1d963eb16b1d5afee6	Bacteria	 Actinobacteriota	 Actinobacteria	 Propionibacteriales	 Nocardioidaceae		
e6cad09c4fd44cdb1b919a77f3d92429	Bacteria	 Bacteroidota	 Bacteroidia	 Chitinophagales	 Chitinophagaceae	 Hydrotalea	 uncultured_bacterium
e7727063ff6cd1ccaece457e775c5655	Bacteria	 Verrucomicrobiota	 Verrucomicrobiae	 Chthoniobacterales	 Chthoniobacteraceae	 LD29	 uncultured_bacterium
eae0459d8a58d20ebe250848cd81820d	Bacteria	 Firmicutes	 Bacilli	 Paenibacillales	 Paenibacillaceae	 Paenibacillus	
ec4a2a3b154604a9e26c0a3c369c57c6	Bacteria	 Cyanobacteria	 Cyanobacteriia	 Chloroplast	 Chloroplast	 Chloroplast	
ec8fa4043eeddc679f4836585e77cbe2	Bacteria	 Gemmatimonadota	 Gemmatimonadetes	 Gemmatimonadales	 Gemmatimonadaceae	 uncultured	
f0adcc820b9e2d52acdcbe54e6afa280	Bacteria	 Proteobacteria	 Alphaproteobacteria	 Rhizobiales	 Beijerinckiaceae		
f3aba85fdf0a5cace287105f1309acdc	Bacteria	 Myxococcota	 Myxococcia	 Myxococcales	 Myxococcaceae	 P3OB-42	 uncultured_bacterium
f3e8b73fc6a41d5dbf5ff87857f191b3	Bacteria	 Cyanobacteria	 Cyanobacteriia	 Cyanobacteriales	 Coleofasciculaceae	 Microcoleus_PCC-7113	 Microcoleus_sp.
f5cb2bf6aa50b880b32bc88401528380	Bacteria	 Proteobacteria	 Alphaproteobacteria	 Rickettsiales	 Mitochondria	 Mitochondria	 uncultured_bacterium
fcf1820e7f12005a38026fab6285f9ba	Bacteria	 Proteobacteria	 Alphaproteobacteria	 Rickettsiales	 Mitochondria	 Mitochondria	
0271497a39a23a82700d749ef3b33235	Unassigned						
0a8fdcdeab017a6d5ed17922420f8aaa	Bacteria	 Actinobacteriota	 Thermoleophilia	 Solirubrobacterales	 Solirubrobacteraceae	 Patulibacter	 Patulibacter_americanus
114d86e0a28beab55cda50bce0f78eb5	Bacteria	 Cyanobacteria	 Vampirivibrionia	 Obscuribacterales	 Obscuribacteraceae	 Obscuribacteraceae	 uncultured_bacterium
1319f26136c4116879f8e85dbd6da793	Bacteria	 Proteobacteria	 Gammaproteobacteria	 Burkholderiales	 Rhodocyclaceae	 Thauera	
1a4701c26adfe8ec46a4b504e1d44be8	Bacteria	 Proteobacteria	 Gammaproteobacteria	 Burkholderiales	 TRA3-20	 TRA3-20	
1d3b22b0e3b60f10dbec8690142f0a87	Eukaryota						
1ebf3c81b9f872f5a309a1a08ab97d1a	Bacteria	 Bacteroidota	 Bacteroidia	 Cytophagales	 Spirosomaceae	 Dyadobacter	
2c644588303e6f576b329723f12d5b9b	Bacteria	 Acidobacteriota	 Blastocatellia	 DS-100	 DS-100	 DS-100	
3277c999835c28f2841851b7f5889bde	Bacteria	 Proteobacteria	 Alphaproteobacteria	 Sphingomonadales	 Sphingomonadaceae	 Sphingomonas	
3814c1248f350b0e977de0040d90840b	Bacteria	 Synergistota	 Synergistia	 Synergistales	 Synergistaceae	 Fretibacterium	
3f4e8edcd8d10cca1e812b6dbfabb60f	Bacteria	 Proteobacteria	 Gammaproteobacteria	 Burkholderiales	 Nitrosomonadaceae	 MND1	
3f60a0fddbe36d33ebd234ebf6226eba	Bacteria	 Proteobacteria	 Alphaproteobacteria	 Rickettsiales	 Mitochondria	 Mitochondria	 uncultured_bacterium
484c7c56ef51e72b1013549d47fac946	Bacteria	 Proteobacteria	 Alphaproteobacteria	 Rickettsiales	 Mitochondria	 Mitochondria	
4cb6af09ef070a05d1960be95ff983af	Bacteria	 Armatimonadota	 Fimbriimonadia	 Fimbriimonadales	 Fimbriimonadaceae	 Fimbriimonadaceae	
4fcc155f95fcda71b7c4f0d602b3f498	Bacteria	 Proteobacteria	 Alphaproteobacteria	 Rickettsiales	 Mitochondria	 Mitochondria	
583304cbfd25632a6eda6492e07a2214	Bacteria	 Actinobacteriota	 Thermoleophilia	 Gaiellales	 uncultured	 uncultured	 Gaiella_sp.
58a4d727d84250fa96a12bb60b8378fd	Bacteria	 Proteobacteria	 Alphaproteobacteria	 Rickettsiales	 Mitochondria	 Mitochondria	 Botryosphaeria_dothidea
58b90fddb9da2fbb55cfe11ebf6147ca	Bacteria	 Actinobacteriota	 Actinobacteria	 Propionibacteriales	 Nocardioidaceae	 Nocardioides	
5971e6c2dee1a385dcc79d00851df4e1	Bacteria	 Verrucomicrobiota	 Verrucomicrobiae	 Pedosphaerales	 Pedosphaeraceae	 uncultured	
59bf7993e12b93dc26182de70b3ed5b8	Bacteria	 Actinobacteriota	 Actinobacteria	 Frankiales	 Nakamurellaceae	 Nakamurella	 Nakamurella_silvestris
5a2d220e7c3fae4671032419ad2d1e2d	Bacteria	 Proteobacteria	 Alphaproteobacteria	 Rickettsiales	 Mitochondria	 Mitochondria	 uncultured_bacterium
5b906ecabfe23ece276e95e0642c4f18	Bacteria	 Planctomycetota	 Pla4_lineage	 Pla4_lineage	 Pla4_lineage	 Pla4_lineage	 uncultured_bacterium
5ca5c1fffeb646cd9172276497fdbd66	Bacteria	 Deinococcota	 Deinococci	 Deinococcales	 Deinococcaceae	 Deinococcus	 Deinococcus_radiomollis
5fbb7cd90edbb41487342d2d10883846	Bacteria	 Bacteroidota	 Bacteroidia	 Chitinophagales	 Saprospiraceae	 uncultured	
66628b96153f756749eb81674595e2e3	Bacteria	 Cyanobacteria	 Cyanobacteriia	 Chloroplast	 Chloroplast	 Chloroplast	
683e3408c8d93256008540767a179e93	Bacteria	 Bacteroidota	 Bacteroidia	 Chitinophagales	 Chitinophagaceae		
694d0c040d01b055889b843c564a7a82	Bacteria	 Proteobacteria	 Alphaproteobacteria	 Rickettsiales	 Mitochondria	 Mitochondria	 uncultured_bacterium
6bb42976fed9729be623a072f8e47c71	Bacteria	 Firmicutes	 Bacilli	 Lactobacillales	 Vagococcaceae	 Vagococcus	
6ccd81bebd8cb87ef7828d6c33db6979	Bacteria	 Actinobacteriota	 Thermoleophilia	 Gaiellales	 Gaiellaceae	 Gaiella	 Gaiella_occulta
6e76479bd90154f6dd589908742d037c	Bacteria						
6e8f5b32d455db5d72d6e46626e39eee	Bacteria	 Acidobacteriota	 Vicinamibacteria	 Vicinamibacterales	 uncultured	 uncultured	
723537fffa879622e95dafdc0fca35ee	Bacteria	 Proteobacteria	 Gammaproteobacteria	 Pseudomonadales	 Pseudomonadaceae	 Pseudomonas	
738be9930c9a759ae20cedfb16710323	Bacteria	 Firmicutes	 Clostridia	 Lachnospirales	 Lachnospiraceae		
77057844175f36fb4482ebf9f357e75c	Bacteria	 Proteobacteria	 Alphaproteobacteria	 Caulobacterales	 Caulobacteraceae		
7883d56c5c62328c93152e24d3898de4	Bacteria	 Proteobacteria	 Alphaproteobacteria	 Sphingomonadales	 Sphingomonadaceae	 Sphingomonas	
79b2bc773973520716e920d42f89e528	Bacteria	 Cyanobacteria	 Cyanobacteriia	 Chloroplast	 Chloroplast	 Chloroplast	
79cc0322d2d49ae68c3e45ea409673ce	Bacteria						
7c89823dedc16ba8fffa98a70f38a869	Bacteria	 Proteobacteria	 Gammaproteobacteria	 Burkholderiales	 Alcaligenaceae	 Achromobacter	
7f9af6f2855c11429b91d9ad8926f0cb	Bacteria						
7ff346973a282aa55de296afdb5d74af	Bacteria	 Actinobacteriota	 Actinobacteria	 Micrococcales	 Micrococcaceae		
80b1877021d234a5b668faf196a27b31	Bacteria	 Chloroflexi	 Anaerolineae	 SBR1031	 A4b	 A4b	 uncultured_bacterium
8191df853641000921490929a68b3d72	Eukaryota	 Basidiomycota	 Microbotryomycetes	 Sporidiobolales	 Sporidiobolaceae	 Sporidiobolus	 Sporidiobolus_pararoseus
823b34d1b9d5d472a35afc2b99dcb48a	Bacteria	 Proteobacteria	 Alphaproteobacteria	 Sphingomonadales	 Sphingomonadaceae		
836fe060aa0dfa8e30b1a5dbb907f6ae	Bacteria	 Proteobacteria	 Alphaproteobacteria	 Azospirillales	 Azospirillaceae		
8ae812efad50668d0dd0ff93e940a4aa	Bacteria	 Bacteroidota	 Bacteroidia	 Sphingobacteriales	 AKYH767	 AKYH767	 uncultured_bacterium
8f24a86da0234f777d86709d4f864073	Bacteria	 Planctomycetota	 BD7-11	 BD7-11	 BD7-11	 BD7-11	 uncultured_bacterium
8f41caa2d42cf24a1e96ca97eccf3d89	Bacteria	 Proteobacteria	 Alphaproteobacteria	 Sphingomonadales	 Sphingomonadaceae	 Sphingomonas	
91ff6a90e5d97c05acd9bf8a6ea06353	Bacteria	 Nitrospirota	 Nitrospiria	 Nitrospirales	 Nitrospiraceae	 Nitrospira	
938d0217218a3b219d20285793e23c46	Bacteria	 Bacteroidota	 Bacteroidia	 Cytophagales	 Microscillaceae	 uncultured	
979f7f40705ddd074cd7bb37b9166741	Bacteria	 Planctomycetota	 Planctomycetes	 Pirellulales	 Pirellulaceae	 uncultured	
9b598c74a5db93f1a49eb23a5ec77cb6	Unassigned						
9c4c42241c120fb8fa4c5c44e011f5c7	Bacteria	 Bacteroidota	 Bacteroidia	 Chitinophagales	 Chitinophagaceae	 Pseudoflavitalea	 uncultured_bacterium
9e40e5275fd738d3af3da82508b8995e	Bacteria	 Myxococcota	 Polyangia	 Polyangiales	 Polyangiaceae	 Polyangium	
ad9018f80e00f2ca4b48067195ac310d	Bacteria	 Proteobacteria	 Alphaproteobacteria	 Caulobacterales	 Caulobacteraceae	 Brevundimonas	
af13e27983a22047df3537709098f2d0	Bacteria	 Verrucomicrobiota	 Verrucomicrobiae	 Chthoniobacterales	 Chthoniobacteraceae	 Candidatus_Udaeobacter	
af415d914b895aac652002ec57c14914	Bacteria	 Actinobacteriota	 Thermoleophilia	 Gaiellales	 uncultured	 uncultured	
b7f5af401f678ffbe9f7299cfa59e3bf	Bacteria	 Proteobacteria	 Alphaproteobacteria	 Rhizobiales	 Devosiaceae	 Devosia	
b8ef6697ba240195217ff88a3f1a9ae7	Unassigned						
b9edc13a15ecf74919cfcbea81495a7a	Bacteria	 Firmicutes	 Clostridia	 Lachnospirales	 Lachnospiraceae	 Tyzzerella	 [Clostridium]_colinum
baadf3a1093a172938b1fd3eb93cf2a3	Bacteria	 Actinobacteriota	 Actinobacteria	 Micrococcales	 Micrococcaceae		
bf5802b652a10dbf54df42e5c7c12365	Bacteria	 Proteobacteria	 Alphaproteobacteria	 Rhizobiales	 Rhizobiaceae	 Ochrobactrum	
bf9a6b00b328b1ff73fc0e7205d03fae	Bacteria	 Myxococcota	 Polyangia	 Polyangiales	 Polyangiaceae	 Pajaroellobacter	
bfe53ec063ddb45112a0c398f62d5e14	Bacteria	 Deinococcota	 Deinococci	 Deinococcales	 Deinococcaceae	 Deinococcus	
c3d5ceeb9e98610a86db00dd486ad36b	Bacteria	 Firmicutes	 Clostridia	 Lachnospirales	 Lachnospiraceae		
c4f8270db66f22811f92789808d35b06	Bacteria	 Proteobacteria	 Alphaproteobacteria	 Rhizobiales	 Rhizobiaceae		
c76f730285979c9aa30364275c7653fc	Bacteria	 Proteobacteria	 Gammaproteobacteria	 Burkholderiales			
c9dac1b01afbcbb851165547387c3f11	Bacteria	 Verrucomicrobiota	 Verrucomicrobiae	 Pedosphaerales	 Pedosphaeraceae	 uncultured	
cafbb468bed8e6107dd51e31f612f3ea	Unassigned						
cbef0a71d672b4322fcd1328adf85b07	Bacteria	 Proteobacteria	 Alphaproteobacteria	 Rickettsiales	 Mitochondria	 Mitochondria	
cde5484a1dce981da92af5396cc0bdfb	Bacteria	 Proteobacteria	 Alphaproteobacteria	 Holosporales	 Holosporaceae	 uncultured	
cec50efb4099eaf47db2146f92c6219b	Unassigned						
ceca502250b46d394dfb83f92e323bd1	Bacteria	 Proteobacteria	 Alphaproteobacteria	 Micavibrionales	 uncultured	 uncultured	
cee16f208cd82879865c76327608b83d	Bacteria	 Acidobacteriota	 Acidobacteriae	 Subgroup_2	 Subgroup_2	 Subgroup_2	 uncultured_Acidobacteria
d241d6109cf25ac144ba599a1f42250b	Bacteria	 Firmicutes	 Clostridia	 Peptostreptococcales-Tissierellales	 Peptostreptococcaceae		
d990d01464aabbda108c9ed7372949df	Bacteria						
dab1e1a084dcf21303bbc30e9ebc7015	Bacteria	 Cyanobacteria	 Cyanobacteriia	 Chloroplast	 Chloroplast	 Chloroplast	
df1c454e839bc48d05312369c2b2756b	Bacteria	 Bdellovibrionota	 Bdellovibrionia	 Bacteriovoracales	 Bacteriovoracaceae	 Peredibacter	
df8f8b97f95e888ba9ea61b72816d054	Bacteria	 Bdellovibrionota	 Bdellovibrionia	 Bdellovibrionales	 Bdellovibrionaceae	 Bdellovibrio	 uncultured_bacterium
e04225344ad6100c452caebb0063640a	Bacteria	 Bdellovibrionota	 Oligoflexia	 0319-6G20	 0319-6G20	 0319-6G20	 uncultured_Roseobacter
e0d6ca55f41c1f55b50248d774f97009	Eukaryota	 Basidiomycota					
e3ca186c8e80f9002fb584c8ca9ba2d0	Bacteria	 Proteobacteria	 Gammaproteobacteria				
e94578f92dc3d4cd6630eb9e23f8f08a	Bacteria	 Proteobacteria	 Alphaproteobacteria	 Rickettsiales	 Mitochondria	 Mitochondria	
eb51fdafe80865e78b05af21c62bcaac	Bacteria	 Firmicutes	 Clostridia	 Clostridiales	 Clostridiaceae		
edc029d829b18928ea3adde9d217c28d	Bacteria	 Actinobacteriota	 Actinobacteria				
ee1535bfbd0d96f179ecd9e4547cd11f	Bacteria	 Proteobacteria	 Alphaproteobacteria	 Sphingomonadales	 Sphingomonadaceae		
f0fa7567ca5e7d223d5d06fd830b45a9	Bacteria	 Gemmatimonadota	 Gemmatimonadetes	 Gemmatimonadales	 Gemmatimonadaceae	 Gemmatimonas	
f6edbcb91f18c1dcc550ce2c68333165	Bacteria	 Actinobacteriota	 Actinobacteria	 Frankiales	 Geodermatophilaceae	 Blastococcus	
f70cf524fcb968f9683452d83a3724d0	Bacteria	 Proteobacteria	 Alphaproteobacteria	 Acetobacterales	 Acetobacteraceae		
fd5eaf493d06d929180af060d083e558	Bacteria	 Proteobacteria	 Alphaproteobacteria	 Rhizobiales	 Beijerinckiaceae	 Methylobacterium-Methylorubrum	
